"","x"
"1","c(287, 288, 289, 290, 291, 292, 293, 294, 295, 296, 297, 298, 299, 300, 301, 302, 303, 304, 305, 306, 307, 308, 309, 310, 311, 312)"
"2","c(""b2bc39a170bfa6c1978a5ce2682057d9"", ""b2bc39a170bfa6c1978a5ce2682057d9"", ""b2bc39a170bfa6c1978a5ce2682057d9"", ""b2bc39a170bfa6c1978a5ce2682057d9"", ""b2bc39a170bfa6c1978a5ce2682057d9"", ""b2bc39a170bfa6c1978a5ce2682057d9"", ""b2bc39a170bfa6c1978a5ce2682057d9"", ""b2bc39a170bfa6c1978a5ce2682057d9"", ""b2bc39a170bfa6c1978a5ce2682057d9"", ""b2bc39a170bfa6c1978a5ce2682057d9"", ""b2bc39a170bfa6c1978a5ce2682057d9"", ""b2bc39a170bfa6c1978a5ce2682057d9"", ""b2bc39a170bfa6c1978a5ce2682057d9"", ""b2bc39a170bfa6c1978a5ce2682057d9"", 
""b2bc39a170bfa6c1978a5ce2682057d9"", ""b2bc39a170bfa6c1978a5ce2682057d9"", ""b2bc39a170bfa6c1978a5ce2682057d9"", ""b2bc39a170bfa6c1978a5ce2682057d9"", ""b2bc39a170bfa6c1978a5ce2682057d9"", ""b2bc39a170bfa6c1978a5ce2682057d9"", ""b2bc39a170bfa6c1978a5ce2682057d9"", ""b2bc39a170bfa6c1978a5ce2682057d9"", ""b2bc39a170bfa6c1978a5ce2682057d9"", ""b2bc39a170bfa6c1978a5ce2682057d9"", ""b2bc39a170bfa6c1978a5ce2682057d9"", ""b2bc39a170bfa6c1978a5ce2682057d9"")"
"3","c(6.40244, 6.40244, 6.40244, 6.40244, 6.40244, 6.40244, 6.40244, 6.40244, 6.40244, 6.40244, 6.40244, 6.40244, 6.40244, 6.40244, 6.40244, 6.40244, 6.40244, 6.40244, 6.40244, 6.40244, 6.40244, 6.40244, 6.40244, 6.40244, 6.40244, 6.40244)"
"4","c(45.0607, 45.0607, 45.0607, 45.0607, 45.0607, 45.0607, 45.0607, 45.0607, 45.0607, 45.0607, 45.0607, 45.0607, 45.0607, 45.0607, 45.0607, 45.0607, 45.0607, 45.0607, 45.0607, 45.0607, 45.0607, 45.0607, 45.0607, 45.0607, 45.0607, 45.0607)"
"5","c(""2640"", ""2640"", ""2640"", ""2640"", ""2640"", ""2640"", ""2640"", ""2640"", ""2640"", ""2640"", ""2640"", ""2640"", ""2640"", ""2640"", ""2640"", ""2640"", ""2640"", ""2640"", ""2640"", ""2640"", ""2640"", ""2640"", ""2640"", ""2640"", ""2640"", ""2640"")"
"6","c(""Europe"", ""Europe"", ""Europe"", ""Europe"", ""Europe"", ""Europe"", ""Europe"", ""Europe"", ""Europe"", ""Europe"", ""Europe"", ""Europe"", ""Europe"", ""Europe"", ""Europe"", ""Europe"", ""Europe"", ""Europe"", ""Europe"", ""Europe"", ""Europe"", ""Europe"", ""Europe"", ""Europe"", ""Europe"", ""Europe"")"
"7","c(""France"", ""France"", ""France"", ""France"", ""France"", ""France"", ""France"", ""France"", ""France"", ""France"", ""France"", ""France"", ""France"", ""France"", ""France"", ""France"", ""France"", ""France"", ""France"", ""France"", ""France"", ""France"", ""France"", ""France"", ""France"", ""France"")"
"8","c(""Col du galibier, western Alps, France"", ""Col du galibier, western Alps, France"", ""Col du galibier, western Alps, France"", ""Col du galibier, western Alps, France"", ""Col du galibier, western Alps, France"", ""Col du galibier, western Alps, France"", ""Col du galibier, western Alps, France"", ""Col du galibier, western Alps, France"", ""Col du galibier, western Alps, France"", ""Col du galibier, western Alps, France"", ""Col du galibier, western Alps, France"", ""Col du galibier, western Alps, France"", ""Col du galibier, western Alps, France"", 
""Col du galibier, western Alps, France"", ""Col du galibier, western Alps, France"", ""Col du galibier, western Alps, France"", ""Col du galibier, western Alps, France"", ""Col du galibier, western Alps, France"", ""Col du galibier, western Alps, France"", ""Col du galibier, western Alps, France"", ""Col du galibier, western Alps, France"", ""Col du galibier, western Alps, France"", ""Col du galibier, western Alps, France"", ""Col du galibier, western Alps, France"", ""Col du galibier, western Alps, France"", ""Col du galibier, western Alps, France""
)"
"9","c(""soil"", ""soil"", ""soil"", ""root"", ""root"", ""root"", ""root"", ""root"", ""rhizosphere soil"", ""rhizosphere soil"", ""rhizosphere soil"", ""rhizosphere soil"", ""rhizosphere soil"", ""soil"", ""soil"", ""soil"", ""root"", ""root"", ""root"", ""root"", ""root"", ""rhizosphere soil"", ""rhizosphere soil"", ""rhizosphere soil"", ""rhizosphere soil"", ""rhizosphere soil"")"
"10","c(""shrubland biome"", ""shrubland biome"", ""shrubland biome"", ""shrubland biome"", ""shrubland biome"", ""shrubland biome"", ""shrubland biome"", ""shrubland biome"", ""shrubland biome"", ""shrubland biome"", ""shrubland biome"", ""shrubland biome"", ""shrubland biome"", ""shrubland biome"", ""shrubland biome"", ""shrubland biome"", ""shrubland biome"", ""shrubland biome"", ""shrubland biome"", ""shrubland biome"", ""shrubland biome"", ""shrubland biome"", ""shrubland biome"", ""shrubland biome"", ""shrubland biome"", ""shrubland biome"")"
"11","c(""montane shrubland biome"", ""montane shrubland biome"", ""montane shrubland biome"", ""montane shrubland biome"", ""montane shrubland biome"", ""montane shrubland biome"", ""montane shrubland biome"", ""montane shrubland biome"", ""montane shrubland biome"", ""montane shrubland biome"", ""montane shrubland biome"", ""montane shrubland biome"", ""montane shrubland biome"", ""montane shrubland biome"", ""montane shrubland biome"", ""montane shrubland biome"", ""montane shrubland biome"", ""montane shrubland biome"", ""montane shrubland biome"", 
""montane shrubland biome"", ""montane shrubland biome"", ""montane shrubland biome"", ""montane shrubland biome"", ""montane shrubland biome"", ""montane shrubland biome"", ""montane shrubland biome"")"
"12","c(""NA_"", ""NA_"", ""NA_"", ""NA_"", ""NA_"", ""NA_"", ""NA_"", ""NA_"", ""NA_"", ""NA_"", ""NA_"", ""NA_"", ""NA_"", ""NA_"", ""NA_"", ""NA_"", ""NA_"", ""NA_"", ""NA_"", ""NA_"", ""NA_"", ""NA_"", ""NA_"", ""NA_"", ""NA_"", ""NA_"")"
"13","c(""NA_"", ""NA_"", ""NA_"", ""NA_"", ""NA_"", ""NA_"", ""NA_"", ""NA_"", ""NA_"", ""NA_"", ""NA_"", ""NA_"", ""NA_"", ""NA_"", ""NA_"", ""NA_"", ""NA_"", ""NA_"", ""NA_"", ""NA_"", ""NA_"", ""NA_"", ""NA_"", ""NA_"", ""NA_"", ""NA_"")"
"14","c(""wild_2013_BS_1"", ""wild_2013_BS_2"", ""wild_2013_BS_3"", ""wild_2013_R_1"", ""wild_2013_R_2"", ""wild_2013_R_3"", ""wild_2013_R_4"", ""wild_2013_R_5"", ""wild_2013_RhiS_1"", ""wild_2013_RhiS_2"", ""wild_2013_RhiS_3"", ""wild_2013_RhiS_4"", ""wild_2013_RhiS_5"", ""wild_2014_BS_1"", ""wild_2014_BS_2"", ""wild_2014_BS_3"", ""wild_2014_R_1"", ""wild_2014_R_2"", ""wild_2014_R_3"", ""wild_2014_R_4"", ""wild_2014_R_5"", ""wild_2014_RhiS_1"", ""wild_2014_RhiS_2"", ""wild_2014_RhiS_3"", ""wild_2014_RhiS_4"", ""wild_2014_RhiS_5"")"
"15","c(""NA_"", ""NA_"", ""NA_"", ""NA_"", ""NA_"", ""NA_"", ""NA_"", ""NA_"", ""NA_"", ""NA_"", ""NA_"", ""NA_"", ""NA_"", ""NA_"", ""NA_"", ""NA_"", ""NA_"", ""NA_"", ""NA_"", ""NA_"", ""NA_"", ""NA_"", ""NA_"", ""NA_"", ""NA_"", ""NA_"")"
"16","c(""20"", ""20"", ""20"", ""20"", ""20"", ""20"", ""20"", ""20"", ""20"", ""20"", ""20"", ""20"", ""20"", ""20"", ""20"", ""20"", ""20"", ""20"", ""20"", ""20"", ""20"", ""20"", ""20"", ""20"", ""20"", ""20"")"
"17","c(""3"", ""3"", ""3"", ""5 to 6"", ""5 to 6"", ""5 to 6"", ""5 to 6"", ""5 to 6"", ""5 to 6"", ""5 to 6"", ""5 to 6"", ""5 to 6"", ""5 to 6"", ""3"", ""3"", ""3"", ""5 to 6"", ""5 to 6"", ""5 to 6"", ""5 to 6"", ""5 to 6"", ""5 to 6"", ""5 to 6"", ""5 to 6"", ""5 to 6"", ""5 to 6"")"
"18","c(""10 to 30"", ""10 to 30"", ""10 to 30"", ""NA_"", ""NA_"", ""NA_"", ""NA_"", ""NA_"", ""NA_"", ""NA_"", ""NA_"", ""NA_"", ""NA_"", ""10 to 30"", ""10 to 30"", ""10 to 30"", ""NA_"", ""NA_"", ""NA_"", ""NA_"", ""NA_"", ""NA_"", ""NA_"", ""NA_"", ""NA_"", ""NA_"")"
"19","c(""2013"", ""2013"", ""2013"", ""2013"", ""2013"", ""2013"", ""2013"", ""2013"", ""2013"", ""2013"", ""2013"", ""2013"", ""2013"", ""2014"", ""2014"", ""2014"", ""2014"", ""2014"", ""2014"", ""2014"", ""2014"", ""2014"", ""2014"", ""2014"", ""2014"", ""2014"")"
"20","c(""July"", ""July"", ""July"", ""July"", ""July"", ""July"", ""July"", ""July"", ""July"", ""July"", ""July"", ""July"", ""July"", ""September"", ""September"", ""September"", ""September"", ""September"", ""September"", ""September"", ""September"", ""September"", ""September"", ""September"", ""September"", ""September"")"
"21","c(""NA_"", ""NA_"", ""NA_"", ""NA_"", ""NA_"", ""NA_"", ""NA_"", ""NA_"", ""NA_"", ""NA_"", ""NA_"", ""NA_"", ""NA_"", ""NA_"", ""NA_"", ""NA_"", ""NA_"", ""NA_"", ""NA_"", ""NA_"", ""NA_"", ""NA_"", ""NA_"", ""NA_"", ""NA_"", ""NA_"")"
"22","c(""NA_"", ""NA_"", ""NA_"", ""NA_"", ""NA_"", ""NA_"", ""NA_"", ""NA_"", ""soil tightly adhering to the whole root system"", ""soil tightly adhering to the whole root system"", ""soil tightly adhering to the whole root system"", ""soil tightly adhering to the whole root system"", ""soil tightly adhering to the whole root system"", ""NA_"", ""NA_"", ""NA_"", ""NA_"", ""NA_"", ""NA_"", ""NA_"", ""NA_"", ""soil tightly adhering to the whole root system"", ""soil tightly adhering to the whole root system"", ""soil tightly adhering to the whole root system"", 
""soil tightly adhering to the whole root system"", ""soil tightly adhering to the whole root system"")"
"23","c(""bulk soil_10 to 30 cm depth"", ""bulk soil_10 to 30 cm depth"", ""bulk soil_10 to 30 cm depth"", ""roots_whole root system"", ""roots_whole root system"", ""roots_whole root system"", ""roots_whole root system"", ""roots_whole root system"", ""rhizosphere soil"", ""rhizosphere soil"", ""rhizosphere soil"", ""rhizosphere soil"", ""rhizosphere soil"", ""bulk soil_10 to 30 cm depth"", ""bulk soil_10 to 30 cm depth"", ""bulk soil_10 to 30 cm depth"", ""roots_whole root system"", ""roots_whole root system"", ""roots_whole root system"", 
""roots_whole root system"", ""roots_whole root system"", ""rhizosphere soil"", ""rhizosphere soil"", ""rhizosphere soil"", ""rhizosphere soil"", ""rhizosphere soil"")"
"24","c(""Illumina"", ""Illumina"", ""Illumina"", ""Illumina"", ""Illumina"", ""Illumina"", ""Illumina"", ""Illumina"", ""Illumina"", ""Illumina"", ""Illumina"", ""Illumina"", ""Illumina"", ""Illumina"", ""Illumina"", ""Illumina"", ""Illumina"", ""Illumina"", ""Illumina"", ""Illumina"", ""Illumina"", ""Illumina"", ""Illumina"", ""Illumina"", ""Illumina"", ""Illumina"")"
"25","c(""ITS_both"", ""ITS_both"", ""ITS_both"", ""ITS_both"", ""ITS_both"", ""ITS_both"", ""ITS_both"", ""ITS_both"", ""ITS_both"", ""ITS_both"", ""ITS_both"", ""ITS_both"", ""ITS_both"", ""ITS_both"", ""ITS_both"", ""ITS_both"", ""ITS_both"", ""ITS_both"", ""ITS_both"", ""ITS_both"", ""ITS_both"", ""ITS_both"", ""ITS_both"", ""ITS_both"", ""ITS_both"", ""ITS_both"")"
"26","c(""NA_"", ""NA_"", ""NA_"", ""NA_"", ""NA_"", ""NA_"", ""NA_"", ""NA_"", ""NA_"", ""NA_"", ""NA_"", ""NA_"", ""NA_"", ""NA_"", ""NA_"", ""NA_"", ""NA_"", ""NA_"", ""NA_"", ""NA_"", ""NA_"", ""NA_"", ""NA_"", ""NA_"", ""NA_"", ""NA_"")"
"27","c(""NA_"", ""NA_"", ""NA_"", ""NA_"", ""NA_"", ""NA_"", ""NA_"", ""NA_"", ""NA_"", ""NA_"", ""NA_"", ""NA_"", ""NA_"", ""NA_"", ""NA_"", ""NA_"", ""NA_"", ""NA_"", ""NA_"", ""NA_"", ""NA_"", ""NA_"", ""NA_"", ""NA_"", ""NA_"", ""NA_"")"
"28","c(""Fast DNA Spin for Soil kit (MP Biomedicals)"", ""Fast DNA Spin for Soil kit (MP Biomedicals)"", ""Fast DNA Spin for Soil kit (MP Biomedicals)"", ""Fast DNA Spin for Soil kit (MP Biomedicals)"", ""Fast DNA Spin for Soil kit (MP Biomedicals)"", ""Fast DNA Spin for Soil kit (MP Biomedicals)"", ""Fast DNA Spin for Soil kit (MP Biomedicals)"", ""Fast DNA Spin for Soil kit (MP Biomedicals)"", ""Fast DNA Spin for Soil kit (MP Biomedicals)"", ""Fast DNA Spin for Soil kit (MP Biomedicals)"", ""Fast DNA Spin for Soil kit (MP Biomedicals)"", 
""Fast DNA Spin for Soil kit (MP Biomedicals)"", ""Fast DNA Spin for Soil kit (MP Biomedicals)"", ""Fast DNA Spin for Soil kit (MP Biomedicals)"", ""Fast DNA Spin for Soil kit (MP Biomedicals)"", ""Fast DNA Spin for Soil kit (MP Biomedicals)"", ""Fast DNA Spin for Soil kit (MP Biomedicals)"", ""Fast DNA Spin for Soil kit (MP Biomedicals)"", ""Fast DNA Spin for Soil kit (MP Biomedicals)"", ""Fast DNA Spin for Soil kit (MP Biomedicals)"", ""Fast DNA Spin for Soil kit (MP Biomedicals)"", ""Fast DNA Spin for Soil kit (MP Biomedicals)"", 
""Fast DNA Spin for Soil kit (MP Biomedicals)"", ""Fast DNA Spin for Soil kit (MP Biomedicals)"", ""Fast DNA Spin for Soil kit (MP Biomedicals)"", ""Fast DNA Spin for Soil kit (MP Biomedicals)"")"
"29","c(""ITS4/ITS9"", ""ITS4/ITS9"", ""ITS4/ITS9"", ""ITS4/ITS9"", ""ITS4/ITS9"", ""ITS4/ITS9"", ""ITS4/ITS9"", ""ITS4/ITS9"", ""ITS4/ITS9"", ""ITS4/ITS9"", ""ITS4/ITS9"", ""ITS4/ITS9"", ""ITS4/ITS9"", ""ITS4/ITS9"", ""ITS4/ITS9"", ""ITS4/ITS9"", ""ITS4/ITS9"", ""ITS4/ITS9"", ""ITS4/ITS9"", ""ITS4/ITS9"", ""ITS4/ITS9"", ""ITS4/ITS9"", ""ITS4/ITS9"", ""ITS4/ITS9"", ""ITS4/ITS9"", ""ITS4/ITS9"")"
"30","c(""TCCTCCGCTTATTGATATGC/GCATTAGAAACTGCTCGTAATG"", ""TCCTCCGCTTATTGATATGC/GCATTAGAAACTGCTCGTAATG"", ""TCCTCCGCTTATTGATATGC/GCATTAGAAACTGCTCGTAATG"", ""TCCTCCGCTTATTGATATGC/GCATTAGAAACTGCTCGTAATG"", ""TCCTCCGCTTATTGATATGC/GCATTAGAAACTGCTCGTAATG"", ""TCCTCCGCTTATTGATATGC/GCATTAGAAACTGCTCGTAATG"", ""TCCTCCGCTTATTGATATGC/GCATTAGAAACTGCTCGTAATG"", ""TCCTCCGCTTATTGATATGC/GCATTAGAAACTGCTCGTAATG"", ""TCCTCCGCTTATTGATATGC/GCATTAGAAACTGCTCGTAATG"", ""TCCTCCGCTTATTGATATGC/GCATTAGAAACTGCTCGTAATG"", ""TCCTCCGCTTATTGATATGC/GCATTAGAAACTGCTCGTAATG"", 
""TCCTCCGCTTATTGATATGC/GCATTAGAAACTGCTCGTAATG"", ""TCCTCCGCTTATTGATATGC/GCATTAGAAACTGCTCGTAATG"", ""TCCTCCGCTTATTGATATGC/GCATTAGAAACTGCTCGTAATG"", ""TCCTCCGCTTATTGATATGC/GCATTAGAAACTGCTCGTAATG"", ""TCCTCCGCTTATTGATATGC/GCATTAGAAACTGCTCGTAATG"", ""TCCTCCGCTTATTGATATGC/GCATTAGAAACTGCTCGTAATG"", ""TCCTCCGCTTATTGATATGC/GCATTAGAAACTGCTCGTAATG"", ""TCCTCCGCTTATTGATATGC/GCATTAGAAACTGCTCGTAATG"", ""TCCTCCGCTTATTGATATGC/GCATTAGAAACTGCTCGTAATG"", ""TCCTCCGCTTATTGATATGC/GCATTAGAAACTGCTCGTAATG"", ""TCCTCCGCTTATTGATATGC/GCATTAGAAACTGCTCGTAATG"", 
""TCCTCCGCTTATTGATATGC/GCATTAGAAACTGCTCGTAATG"", ""TCCTCCGCTTATTGATATGC/GCATTAGAAACTGCTCGTAATG"", ""TCCTCCGCTTATTGATATGC/GCATTAGAAACTGCTCGTAATG"", ""TCCTCCGCTTATTGATATGC/GCATTAGAAACTGCTCGTAATG"")"
"31","c(""7.25"", ""7.25"", ""7.25"", ""7.25"", ""7.25"", ""7.25"", ""7.25"", ""7.25"", ""7.25"", ""7.25"", ""7.25"", ""7.25"", ""7.25"", ""7.25"", ""7.25"", ""7.25"", ""7.25"", ""7.25"", ""7.25"", ""7.25"", ""7.25"", ""7.25"", ""7.25"", ""7.25"", ""7.25"", ""7.25"")"
"32","c(""NA_"", ""NA_"", ""NA_"", ""NA_"", ""NA_"", ""NA_"", ""NA_"", ""NA_"", ""NA_"", ""NA_"", ""NA_"", ""NA_"", ""NA_"", ""NA_"", ""NA_"", ""NA_"", ""NA_"", ""NA_"", ""NA_"", ""NA_"", ""NA_"", ""NA_"", ""NA_"", ""NA_"", ""NA_"", ""NA_"")"
"33","c(""NA_"", ""NA_"", ""NA_"", ""NA_"", ""NA_"", ""NA_"", ""NA_"", ""NA_"", ""NA_"", ""NA_"", ""NA_"", ""NA_"", ""NA_"", ""NA_"", ""NA_"", ""NA_"", ""NA_"", ""NA_"", ""NA_"", ""NA_"", ""NA_"", ""NA_"", ""NA_"", ""NA_"", ""NA_"", ""NA_"")"
"34","c(""NA_"", ""NA_"", ""NA_"", ""NA_"", ""NA_"", ""NA_"", ""NA_"", ""NA_"", ""NA_"", ""NA_"", ""NA_"", ""NA_"", ""NA_"", ""NA_"", ""NA_"", ""NA_"", ""NA_"", ""NA_"", ""NA_"", ""NA_"", ""NA_"", ""NA_"", ""NA_"", ""NA_"", ""NA_"", ""NA_"")"
"35","c(""NA_"", ""NA_"", ""NA_"", ""NA_"", ""NA_"", ""NA_"", ""NA_"", ""NA_"", ""NA_"", ""NA_"", ""NA_"", ""NA_"", ""NA_"", ""NA_"", ""NA_"", ""NA_"", ""NA_"", ""NA_"", ""NA_"", ""NA_"", ""NA_"", ""NA_"", ""NA_"", ""NA_"", ""NA_"", ""NA_"")"
"36","c(""NA_"", ""NA_"", ""NA_"", ""NA_"", ""NA_"", ""NA_"", ""NA_"", ""NA_"", ""NA_"", ""NA_"", ""NA_"", ""NA_"", ""NA_"", ""NA_"", ""NA_"", ""NA_"", ""NA_"", ""NA_"", ""NA_"", ""NA_"", ""NA_"", ""NA_"", ""NA_"", ""NA_"", ""NA_"", ""NA_"")"
"37","c(""NA_"", ""NA_"", ""NA_"", ""NA_"", ""NA_"", ""NA_"", ""NA_"", ""NA_"", ""NA_"", ""NA_"", ""NA_"", ""NA_"", ""NA_"", ""NA_"", ""NA_"", ""NA_"", ""NA_"", ""NA_"", ""NA_"", ""NA_"", ""NA_"", ""NA_"", ""NA_"", ""NA_"", ""NA_"", ""NA_"")"
"38","c(""NA_"", ""NA_"", ""NA_"", ""NA_"", ""NA_"", ""NA_"", ""NA_"", ""NA_"", ""NA_"", ""NA_"", ""NA_"", ""NA_"", ""NA_"", ""NA_"", ""NA_"", ""NA_"", ""NA_"", ""NA_"", ""NA_"", ""NA_"", ""NA_"", ""NA_"", ""NA_"", ""NA_"", ""NA_"", ""NA_"")"
"39","c(""Arabis alpina"", ""Arabis alpina"", ""Arabis alpina"", ""Arabis alpina"", ""Arabis alpina"", ""Arabis alpina"", ""Arabis alpina"", ""Arabis alpina"", ""Arabis alpina"", ""Arabis alpina"", ""Arabis alpina"", ""Arabis alpina"", ""Arabis alpina"", ""Arabis alpina"", ""Arabis alpina"", ""Arabis alpina"", ""Arabis alpina"", ""Arabis alpina"", ""Arabis alpina"", ""Arabis alpina"", ""Arabis alpina"", ""Arabis alpina"", ""Arabis alpina"", ""Arabis alpina"", ""Arabis alpina"", ""Arabis alpina"")"
"40","c(""NA_"", ""NA_"", ""NA_"", ""NA_"", ""NA_"", ""NA_"", ""NA_"", ""NA_"", ""NA_"", ""NA_"", ""NA_"", ""NA_"", ""NA_"", ""NA_"", ""NA_"", ""NA_"", ""NA_"", ""NA_"", ""NA_"", ""NA_"", ""NA_"", ""NA_"", ""NA_"", ""NA_"", ""NA_"", ""NA_"")"
"41","c(""NA_"", ""NA_"", ""NA_"", ""NA_"", ""NA_"", ""NA_"", ""NA_"", ""NA_"", ""NA_"", ""NA_"", ""NA_"", ""NA_"", ""NA_"", ""NA_"", ""NA_"", ""NA_"", ""NA_"", ""NA_"", ""NA_"", ""NA_"", ""NA_"", ""NA_"", ""NA_"", ""NA_"", ""NA_"", ""NA_"")"
"42","c(""SRR5576953"", ""SRR5577022"", ""SRR5577015"", ""SRR5576983"", ""SRR5576978"", ""SRR5576974"", ""SRR5577050"", ""SRR5577025"", ""SRR5576971"", ""SRR5577054"", ""SRR5577047"", ""SRR5577044"", ""SRR5577010"", ""SRR5576985"", ""SRR5576960"", ""SRR5576959"", ""SRR5576995"", ""SRR5576989"", ""SRR5576984"", ""SRR5577060"", ""SRR5577027"", ""SRR5576987"", ""SRR5576961"", ""SRR5577058"", ""SRR5577002"", ""SRR5577000"")"
"43","c(""4 to 7 bases on both primers"", ""4 to 7 bases on both primers"", ""4 to 7 bases on both primers"", ""4 to 7 bases on both primers"", ""4 to 7 bases on both primers"", ""4 to 7 bases on both primers"", ""4 to 7 bases on both primers"", ""4 to 7 bases on both primers"", ""4 to 7 bases on both primers"", ""4 to 7 bases on both primers"", ""4 to 7 bases on both primers"", ""4 to 7 bases on both primers"", ""4 to 7 bases on both primers"", ""4 to 7 bases on both primers"", ""4 to 7 bases on both primers"", ""4 to 7 bases on both primers"", 
""4 to 7 bases on both primers"", ""4 to 7 bases on both primers"", ""4 to 7 bases on both primers"", ""4 to 7 bases on both primers"", ""4 to 7 bases on both primers"", ""4 to 7 bases on both primers"", ""4 to 7 bases on both primers"", ""4 to 7 bases on both primers"", ""4 to 7 bases on both primers"", ""4 to 7 bases on both primers"")"
